id,name,model_id:id,group_id:id,perm_read,perm_write,perm_create,perm_unlink


access_user_cdn_log_api_bsi,access_user_cdn_log_api_bsi,model_cdn_log_api_bsi,pesantren_base.group_sekolah_user,1,0,0,0
access_user_cdn_riwayat_uang_saku_bsi,access_user_cdn_riwayat_uang_saku_bsi,model_cdn_riwayat_uang_saku_bsi,pesantren_base.group_sekolah_user,1,0,0,0
access_user_cdn_riwayat_tagihan_bsi,access_user_cdn_riwayat_tagihan_bsi,model_cdn_riwayat_tagihan_bsi,pesantren_base.group_sekolah_user,1,0,0,0

access_manager_cdn_log_api_bsi,access_manager_cdn_log_api_bsi,model_cdn_log_api_bsi,pesantren_base.group_sekolah_manager,1,1,1,1
access_manager_cdn_riwayat_uang_saku_bsi,access_manager_cdn_riwayat_uang_saku_bsi,model_cdn_riwayat_uang_saku_bsi,pesantren_base.group_sekolah_manager,1,1,1,1
access_manager_cdn_riwayat_tagihan_bsi,access_manager_cdn_riwayat_tagihan_bsi,model_cdn_riwayat_tagihan_bsi,pesantren_base.group_sekolah_manager,1,1,1,1


