<odoo>
	<data>
		<record model="ir.module.category" id="module_category_keuangan">
			<field name="name">Keuangan</field>
			<field name="description">Group Keuangan</field>
			<field name="sequence">10</field>
		</record>
		<record id="group_keuangan_user" model="res.groups">
			<field name="name">User</field>
			<field name="category_id" ref="module_category_keuangan"/>
		</record>
        <record id="group_keuangan_staff" model="res.groups">
            <field name="name">Staff</field>
            <field name="category_id" ref="module_category_keuangan"/>
            <field name="implied_ids" eval="[(4, ref('group_keuangan_user'))]"/>
        </record>
		<record id="group_keuangan_manager" model="res.groups">
			<field name="name">Manager</field>
			<field name="category_id" ref="module_category_keuangan"/>
			<field name="implied_ids" eval="[(4, ref('group_keuangan_staff'))]"/>
        	<field name="users" eval="[(4, ref('base.user_admin'))]"/>
		</record>
		<record model="ir.module.category" id="module_category_tabungan">
			<field name="name">Tabungan</field>
			<field name="description">Group Tabungan</field>
			<field name="sequence">10</field>
		</record>
		<!-- Tabungan Masuk Ortu -->
        <record id="group_keuangan_tabungan_ortu" model="res.groups">
            <field name="name">Pengelola Tabungan Orang Tua</field>
            <field name="users" eval="[(4, ref('base.user_admin'))]"/>
			<field name="category_id" ref="pesantren_base.module_category_alhamra"/>
        </record>
		<!-- Tabungan Masuk Guru -->
        <record id="group_keuangan_tabungan_guru" model="res.groups">
            <field name="name">Pengelola Tabungan Guru</field>
            <field name="users" eval="[(4, ref('base.user_admin'))]"/>
			<field name="category_id" ref="pesantren_base.module_category_alhamra"/>
        </record>
		<!-- Tabungan Masuk Santri -->
		<record id="group_keuangan_tabungan_santri" model="res.groups">
            <field name="name">Pengelola Tabungan Santri</field>
            <field name="users" eval="[(4, ref('base.user_admin'))]"/>
			<field name="category_id" ref="pesantren_base.module_category_alhamra"/>
        </record>


	</data>
</odoo>