id,name,model_id:id,group_id:id,perm_read,perm_write,perm_create,perm_unlink
access_user_cdn_uang_saku,access_user_cdn_uang_saku,model_cdn_uang_saku,pesantren_keuangan.group_keuangan_user,1,0,0,0
access_user_cdn_biaya_sekolah,access_user_cdn_biaya_sekolah,model_cdn_biaya_sekolah,pesantren_keuangan.group_keuangan_user,1,0,0,0
access_user_cdn_jenis_tabungan,access_user_cdn_jenis_tabungan,model_cdn_jenis_tabungan,pesantren_keuangan.group_keuangan_user,1,0,0,0
access_user_cdn_tabungan,access_user_cdn_tabungan,model_cdn_tabungan,pesantren_keuangan.group_keuangan_user,1,0,0,0
access_user_cdn_rekening_tabungan,access_user_cdn_rekening_tabungan,model_cdn_rekening_tabungan,pesantren_keuangan.group_keuangan_user,1,0,0,0

access_staff_cdn_uang_saku,access_staff_cdn_uang_saku,model_cdn_uang_saku,pesantren_keuangan.group_keuangan_staff,1,1,1,0
access_staff_cdn_biaya_sekolah,access_staff_cdn_biaya_sekolah,model_cdn_biaya_sekolah,pesantren_keuangan.group_keuangan_staff,1,1,1,0
access_staff_cdn_jenis_tabungan,access_staff_cdn_jenis_tabungan,model_cdn_jenis_tabungan,pesantren_keuangan.group_keuangan_staff,1,0,0,0
access_staff_cdn_tabungan,access_staff_cdn_tabungan,model_cdn_tabungan,pesantren_keuangan.group_keuangan_staff,1,1,1,0
acess_staff_cdn_rekening_tabungan,access_staff_cdn_rekening_tabungan,model_cdn_rekening_tabungan,pesantren_keuangan.group_keuangan_staff,1,1,1,0

access_manager_cdn_uang_saku,access_manager_cdn_uang_saku,model_cdn_uang_saku,pesantren_keuangan.group_keuangan_manager,1,1,1,1
access_manager_cdn_biaya_sekolah,access_manager_cdn_biaya_sekolah,model_cdn_biaya_sekolah,pesantren_keuangan.group_keuangan_manager,1,1,1,1
access_manager_cdn_jenis_tabungan,access_manager_cdn_jenis_tabungan,model_cdn_jenis_tabungan,pesantren_keuangan.group_keuangan_manager,1,1,1,1
access_manager_cdn_tabungan,access_manager_cdn_tabungan,model_cdn_tabungan,pesantren_keuangan.group_keuangan_manager,1,1,1,1
acess_manager_cdn_rekening_tabungan,access_manager_cdn_rekening_tabungan,model_cdn_rekening_tabungan,pesantren_keuangan.group_keuangan_manager,1,1,1,1

access_wiz_create_rekening,access_wiz_create_rekening,model_wiz_create_rekening,pesantren_keuangan.group_keuangan_manager,1,1,1,0
access_wiz_tabungan_wallet,access_wiz_tabungan_wallet,model_wiz_tabungan_wallet,pesantren_keuangan.group_keuangan_tabungan_santri,1,1,1,0
