<?xml version="1.0" encoding="utf-8"?>
<odoo>

    <data noupdate="1">
    
        <record id="cdn_integrasi_bsi_url" model="ir.config_parameter">
            <field name="key">bsi_url</field>
            <field name="value">https://sandbox.api.bpi.co.id</field>
        </record>
        <record id="cdn_integrasi_bsi_client_id" model="ir.config_parameter">
            <field name="key">bsi_client_id</field>
            <field name="value"></field>
        </record>
        <record id="cdn_integrasi_bsi_secret_key_notifikasi_http" model="ir.config_parameter">
            <field name="key">bsi_secret_key_notifikasi_http</field>
            <field name="value"></field>
        </record>        
        <record id="cdn_integrasi_bsi_secret_key_host_to_host" model="ir.config_parameter">
            <field name="key">bsi_secret_key_host_to_host</field>
            <field name="value"></field>
        </record>        
    
    </data>
    

</odoo>
