<?xml version="1.0" encoding="utf-8"?>
<odoo>
    <record id="action_server_migrasi_ke_santri" model="ir.actions.server">
        <field name="name">Migrasi ke Data Santri</field>
        <field name="model_id" ref="pesantren_calon_siswa.model_calon_siswa"/>
        <field name="binding_model_id" ref="pesantren_calon_siswa.model_calon_siswa"/>
        <field name="binding_view_types">list</field>
        <field name="state">code</field>
        <field name="code">
            if records:
                records.action_migrasi_ke_santri()
        </field>
    </record>
</odoo>