<odoo>
	<data>
		<record model="ir.module.category" id="module_category_guru">
			<field name="name">Guru Akademik</field>
			<field name="description">Group Guru</field>
			<field name="sequence">10</field>
		</record>
		<record id="group_guru_user" model="res.groups">
			<field name="name">User</field>
			<field name="category_id" ref="module_category_guru"/>
		</record>
        <record id="group_guru_staff" model="res.groups">
            <field name="name">Staff</field>
            <field name="category_id" ref="module_category_guru"/>
            <field name="implied_ids" eval="[(4, ref('group_guru_user'))]"/>
        </record>
		<record id="group_guru_manager" model="res.groups">
			<field name="name">Manager</field>
			<field name="category_id" ref="module_category_guru"/>
			<field name="implied_ids" eval="[(4, ref('group_guru_staff'))]"/>
        	<field name="users" eval="[(4, ref('base.user_admin'))]"/>
		</record>

	</data>
</odoo>