<?xml version='1.0' encoding='utf-8'?>
<odoo>
    <data noupdate="1">
        <record id="sequence_uang_saku" model="ir.sequence">
            <field name="name">Uang Saku</field>
            <field name="code">cdn.uang_saku</field>
            <field name="prefix">SA/%(y)s.%(month)s/</field>
            <field name="padding">4</field>
            <field name="number_increment">1</field>
            <field name="implementation">standard</field>
            <field name="active">True</field>
        </record>

        <record id="sequence_tabungan" model="ir.sequence">
            <field name="name">Tabungan</field>
            <field name="code">cdn.tabungan</field>
            <field name="prefix">TAB/%(y)s.%(month)s/</field>
            <field name="padding">4</field>
            <field name="number_increment">1</field>
            <field name="implementation">standard</field>
            <field name="active">True</field>
        </record>
    </data>
</odoo>