<?xml version="1.0" encoding="utf-8"?>
<odoo>

    <data>
        <record id="job_1" model="hr.job">
            <field name="name">Musyrif</field>
        </record>
        <record id="job_2" model="hr.job">
            <field name="name">Ustadz</field>
        </record>
        <record id="job_3" model="hr.job">
            <field name="name">Guru</field>
        </record>
        <record id="job_4" model="hr.job">
            <field name="name">Keamanan</field>
        </record>
        <record id="job_5" model="hr.job">
            <field name="name">Kesehatan</field>
        </record>
    </data>
    

</odoo>
