<?xml version="1.0" encoding="utf-8"?>
<odoo>

    <data>
        <!-- access musyrif kesantrian pelanggaran -->
        <!-- <record model="ir.rule" id="pelanggaran_rule_musyrif_1">
            <field name="name">access musyrif draft</field>
            <field name="model_id" ref="model_cdn_pelanggaran" />
            <field name="domain_force">[('state', '=', 'draft')]</field>
            <field name="groups"  eval="[(4, ref ('pesantren_kesantrian.group_kesantrian_musyrif'))]" /> 
            <field name="perm_read" eval="True"/>
            <field name="perm_write" eval="True"/>
            <field name="perm_create" eval="True"/>
            <field name="perm_unlink" eval="True"/>
        </record>
        <record model="ir.rule" id="pelanggaran_rule_musyrif_2">
            <field name="name">access musyrif confirmed</field>
            <field name="model_id" ref="model_cdn_pelanggaran" />
            <field name="domain_force">[('state', 'in',['confirmed','approved'])]</field>
            <field name="groups"  eval="[(4, ref ('pesantren_kesantrian.group_kesantrian_musyrif'))]" /> 
            <field name="perm_read" eval="True"/>
            <field name="perm_write" eval="False"/>
            <field name="perm_create" eval="False"/>
            <field name="perm_unlink" eval="False"/>
        </record> -->
    </data>
    

</odoo>
