<?xml version='1.0' encoding='utf-8'?>
<odoo>
    
    
    <data noupdate="1">
        <!-- Kategori -->
        <record id="product_category_01" model="product.category">
            <field name="name">Pendapatan Rutin</field>
        </record>
        <record id="product_category_02" model="product.category">
            <field name="name">Pendapatan Non Rutin</field>
        </record>
        <record id="product_category_03" model="product.category">
            <field name="name">Pendapatan Yayasan/Lembaga</field>
        </record>
        <record id="product_category_04" model="product.category">
            <field name="name">Pendapatan Lain-Lain</field>
        </record>

        <!-- Produk  -->
        <record id="product_product_01" model="product.product">
            <field name="name">SPP</field>
            <field name="detailed_type">service</field>
            <field name="sale_ok">True</field>
            <field name="purchase_ok">False</field>
            <field name="categ_id" ref="product_category_01"/>
        </record>
        <record id="product_product_02" model="product.product">
            <field name="name">Uang Gedung/Uang Masuk</field>
            <field name="detailed_type">service</field>
            <field name="sale_ok">True</field>
            <field name="purchase_ok">False</field>
            <field name="categ_id" ref="product_category_03"/>
        </record>
        <record id="product_product_03" model="product.product">
            <field name="name">Uang Kegiatan</field>
            <field name="detailed_type">service</field>
            <field name="sale_ok">True</field>
            <field name="purchase_ok">False</field>
            <field name="categ_id" ref="product_category_02"/>
        </record>
    
        
    
    </data>
    
</odoo>