<?xml version='1.0' encoding='utf-8'?>
<odoo>
    <data noupdate="1">
        <record model="cdn.tingkat" id="1">
            <field name="name">1</field>
            <field name="jenjang">sd</field>
            <field name="keterangan">SD - Kelas 1</field>
        </record>
        <record model="cdn.tingkat" id="2">
            <field name="name">2</field>
            <field name="jenjang">sd</field>
            <field name="keterangan">SD - Kelas 2</field>
        </record>
        <record model="cdn.tingkat" id="3">
            <field name="name">3</field>
            <field name="jenjang">sd</field>
            <field name="keterangan">SD - Kelas 3</field>
        </record>
        <record model="cdn.tingkat" id="4">
            <field name="name">4</field>
            <field name="jenjang">sd</field>
            <field name="keterangan">SD - Kelas 4</field>
        </record>
        <record model="cdn.tingkat" id="5">
            <field name="name">5</field>
            <field name="jenjang">sd</field>
            <field name="keterangan">SD - Kelas 5</field>
        </record>
        <record model="cdn.tingkat" id="6">
            <field name="name">6</field>
            <field name="jenjang">sd</field>
            <field name="keterangan">SD - Kelas 6</field>
        </record>
        <record model="cdn.tingkat" id="7">
            <field name="name">7</field>
            <field name="jenjang">smp</field>
            <field name="keterangan">SMP - Kelas 7</field>
        </record>
        <record model="cdn.tingkat" id="8">
            <field name="name">8</field>
            <field name="jenjang">smp</field>
            <field name="keterangan">SMP - Kelas 8</field>
        </record>
        <record model="cdn.tingkat" id="9">
            <field name="name">9</field>
            <field name="jenjang">smp</field>
            <field name="keterangan">SMP - Kelas 9</field>
        </record>
        <record model="cdn.tingkat" id="10">
            <field name="name">10</field>
            <field name="jenjang">sma</field>
            <field name="keterangan">SMA - Kelas 10</field>
        </record>
        <record model="cdn.tingkat" id="11">
            <field name="name">11</field>
            <field name="jenjang">sma</field>
            <field name="keterangan">SMA - Kelas 11</field>
        </record>
        <record model="cdn.tingkat" id="12">
            <field name="name">12</field>
            <field name="jenjang">sma</field>
            <field name="keterangan">SMA - Kelas 12</field>
        </record>
    </data>
</odoo>