<?xml version='1.0' encoding='utf-8'?>
<odoo>
    <data noupdate="1">
        <record id="seq_generate_invoice" model="ir.sequence">
            <field name="name">Generate Invoice</field>
            <field name="code">gen.invoice</field>
            <field name="prefix">GEN</field>
            <field name="padding">4</field>
            <field name="number_next_actual">1</field>
            <field name="number_increment">1</field>
            <field name="implementation">standard</field>
        </record>
    </data>
    
</odoo>