<odoo>
	<data>
		<!-- <record model="ir.module.category" id="module_category_orangtua">
			<field name="name">Orang Tua</field>
			<field name="description">Group Orang Tua</field>
			<field name="sequence">10</field>
		</record>
		<record id="group_orangtua_user" model="res.groups">
			<field name="name">User</field>
			<field name="category_id" ref="module_category_orangtua"/>
		</record>
        <record id="group_orangtua_staff" model="res.groups">
            <field name="name">Staff</field>
            <field name="category_id" ref="module_category_orangtua"/>
            <field name="implied_ids" eval="[(4, ref('group_orangtua_user'))]"/>
        </record>
		<record id="group_orangtua_manager" model="res.groups">
			<field name="name">Manager</field>
			<field name="category_id" ref="module_category_orangtua"/>
			<field name="implied_ids" eval="[(4, ref('group_orangtua_staff'))]"/>
        	<field name="users" eval="[(4, ref('base.user_admin'))]"/>
		</record> -->


		<!-- Rules Perijinan -->
		<record id="group_orangtua_siswa_rule_perijinan" model="ir.rule">
			<field name="name">Siswa Rule Perijinan</field>
			<field name="model_id" ref="pesantren_kesantrian.model_cdn_siswa"/>
			<field name="domain_force">[
				('orangtua_id.partner_id.user_id', '=', user.id),
			]</field>
			<field name="groups" eval="[(4, ref('pesantren_kesantrian.group_kesantrian_orang_tua'))]"/>
		</record>
		<!-- Rules Pos.Order -->
		<!-- <record id="group_orangtua_siswa_rule_pos_order" model="ir.rule">
			<field name="name">Orang Tua rules Pos Order</field>
			<field name="model_id" ref="point_of_sale.model_pos_order"/>
			<field name="domain_force">[
				('partner_id.siswa_id.orangtua_id.partner_id.user_id', '=', user.id),
			]</field>
			<field name="groups" eval="[(4, ref('pesantren_kesantrian.group_kesantrian_orang_tua'))]"/>
		</record> -->
	</data>
</odoo>